Post ID,Title,Cleaned Title,Total Comments
1ivqbkd,From Layoff Making P37K/Month to Making $7.3K/Month Online â€“ My Career Shift,from layoff making p37kmonth to making 73kmonth online  my career shift,475
1gxw6ge,Best wifi extender in lazada or shopee in a budget ,best wifi extender in lazada or shopee in a budget,22
1jzvtkr,Recommend a store on shopee or lazada. Where to buy good quality coffee beans online?,recommend a store on shopee or lazada where to buy good quality coffee beans online,1
1jqjzf8,Best External Drive to buy Lazada 4.4?,best external drive to buy lazada 44,2
1emteu0,"Best Flash Drive to buy from Lazada / Shopee na nagtatagal talaga. Naghahanap kasi ako between 32GB to 256GB para doon ko isave ang mga files na pwede kong dalhin anywhere para madaling maipaprint kapag kailangan. May mga nabasa kasi ako sa shopee at lazada na di daw nagtatagal yung mga binili nila
",best flash drive to buy from lazada  shopee na nagtatagal talaga naghahanap kasi ako between 32gb to 256gb para doon ko isave ang mga files na pwede kong dalhin anywhere para madaling maipaprint kapag kailangan may mga nabasa kasi ako sa shopee at lazada na di daw nagtatagal yung mga binili nila,31
1hawl4m,"Been using monoblock chair in my work station since forever. Please suggest a good swivel chair para sa setup ko (attached photo). 7,000php or less budget na mabibili sa shopee or lazada sana",been using monoblock chair in my work station since forever please suggest a good swivel chair para sa setup ko attached photo 7000php or less budget na mabibili sa shopee or lazada sana,14
1jb9lmw,Ano yung recommended shoppee store for quality women's garments?,ano yung recommended shoppee store for quality women's garments,2
1izdif1,Any links or shop recommendations from lazada or shopee for tempered glass on my Poco x7 5g (non pro)?,any links or shop recommendations from lazada or shopee for tempered glass on my poco x7 5g non pro,3
14eoj5k,Earned Php1.5M+ in less than 8 months speaking into a microphone and you can too.,earned php15m in less than 8 months speaking into a microphone and you can too,287
1iswl5v,What do recommend for men shaving  that can be buy at Shopee?,what do recommend for men shaving that can be buy at shopee,1
1iq0rbd,Where to buy authentic jellycat bag charms in shopee?,where to buy authentic jellycat bag charms in shopee,1
1iazelz,Any recommendation for home office improvement worth 3000 pesos in Lazada?,any recommendation for home office improvement worth 3000 pesos in lazada,3
1i1o0wl,What cookie can you recommend from shopee?,what cookie can you recommend from shopee,2
1hy0fzw,What Vacuum Cleaner from Shopee can you recommend? Yung maliit lang but with long handle,what vacuum cleaner from shopee can you recommend yung maliit lang but with long handle,2
1huve2w,Recommendations in Lazada/Shoppe or elsewhere on a good external m.2 enclosure. Planning on upgrading my PC's m.2 with OS by using the free Acronis cloning when buying my new M.2. Follow-up Question is it safe to do the cloning with windows 11?,recommendations in lazadashoppe or elsewhere on a good external m2 enclosure planning on upgrading my pc's m2 with os by using the free acronis cloning when buying my new m2 followup question is it safe to do the cloning with windows 11,2
1hl0pst,Best budget wired (preferably 3.5mm audio jack) earphone or IEM under â‚±800 or â‚±1k on Lazada?,best budget wired preferably 35mm audio jack earphone or iem under 800 or 1k on lazada,2
1bucghx,Give me your best bluetooth earphoneâ€™s na mabibili sa lazada/shoppee,give me your best bluetooth earphones na mabibili sa lazadashoppee,27
1hlcj9y,Recommended Shopee shop for Samsung 2.5 in ssd,recommended shopee shop for samsung 25 in ssd,1
1h4x088,What is the Best Authentic Pastillas na binili niyo sa shopee?,what is the best authentic pastillas na binili niyo sa shopee,1
1h5jcfr,Suggest 2nd hand phone shop sa shopee na legit at authentic ,suggest 2nd hand phone shop sa shopee na legit at authentic,1
1ek7o1q,Best seller to buy google pixel phone in Shopee and Lazada,best seller to buy google pixel phone in shopee and lazada,12
1ea01oj,what's your best shopee find? ,what's your best shopee find,11
1abi14y,S24 Ultra Lazada Best Pre-Order Deal Out There?,s24 ultra lazada best preorder deal out there,24
1bj5uvx,Any recommended office chair from Shoppee? ,any recommended office chair from shoppee,16
1el2kkg,Shopee or Lazada Shop Suggestions to Buy Gaming low Budget CPU,shopee or lazada shop suggestions to buy gaming low budget cpu,5
1e5afmq,"Any recommendations po ng 1Tera external hard drive na meron sa lazada, yung worth the price. Thank youðŸ«¶",any recommendations po ng 1tera external hard drive na meron sa lazada yung worth the price thank you,6
1ez4fuv,"Except for Shokz, what is the best bone conduction earphones na makikita sa lazada and shopee? ",except for shokz what is the best bone conduction earphones na makikita sa lazada and shopee,1
1c1a5oz,what's your best purchase sa shopee?,what's your best purchase sa shopee,10
1ech17d,Pa-recommend po ng IEM from Lazada,parecommend po ng iem from lazada,1
1cgwqws,where to buy authentic sneakers on shopee? ,where to buy authentic sneakers on shopee,5
1e221jq,Shops or Laz/Shopee Store Suggestions for NM Card,shops or lazshopee store suggestions for nm card,0
1dpftod,"What's the best wax beads do you recommend that can be bought online (Shopee, Lazada, Temu, etc.)?",what's the best wax beads do you recommend that can be bought online shopee lazada temu etc,1
1d9hnq3,Whatâ€™s your recommended CCTV purchase in Shopee?,whats your recommended cctv purchase in shopee,2
184tdw7,"Secondhand laptops on shopee, shop recommendations",secondhand laptops on shopee shop recommendations,11
190iu66,Best budget mouse on lazada or shoppe?,best budget mouse on lazada or shoppe,7
1bxh5fq,Where to buy a nothing phone 2a from a physical store? (not in online shops like shopee etc.),where to buy a nothing phone 2a from a physical store not in online shops like shopee etc,1
18w06c1,any recommended stores to buy wfh table and chair on shopee?,any recommended stores to buy wfh table and chair on shopee,4
14ri05u,Recommend good wifi dongle from lazada or shopee,recommend good wifi dongle from lazada or shopee,11
1afgvgd,Shoe Brand Suggestions in Lazada,shoe brand suggestions in lazada,0
16sooxq,Recommended Prepaid Wifi (Shopee),recommended prepaid wifi shopee,4
1f6ct65,New 5G+ PLDT Home Wifi review,new 5g pldt home wifi review,225
16bg98p,Any headphone recommendations from shopee/lazada?,any headphone recommendations from shopeelazada,3
19ckiwo,"What are the best ""Quality of Life"" purchases that you have made that are worth it here in the PH?",what are the best quality of life purchases that you have made that are worth it here in the ph,330
1hkccxv,Apple Flagship Store Shopee,apple flagship store shopee,105
1icnkig,My S25 Ultraâ€¦. case is here!,my s25 ultra case is here,31
1j4pc3w,Men of Reddit: What boxer shorts can you recommend?,men of reddit what boxer shorts can you recommend,93
1ieer5p,[2.2 SALE] Shopee & Lazada Cheat Sheet,22 sale shopee  lazada cheat sheet,44
1h4317q,Kailangan ko ba talaga magpalit ng phone? Haha.,kailangan ko ba talaga magpalit ng phone haha,101
vinlky,Wiko enters the top 5 best-selling brands at the Lazada 6.6 sale!,wiko enters the top 5 bestselling brands at the lazada 66 sale,0
rhqehq,"realme is the best-selling mobile brand on Shopee, Lazada 12.12 sale - Technobaboy.com",realme is the bestselling mobile brand on shopee lazada 1212 sale  technobaboycom,1
185r28h,"Best android apps, like, ever?",best android apps like ever,171
1bdgxfs,Meron naaaa sa lazadaaaa yay ðŸ˜ðŸ˜,meron naaaa sa lazadaaaa yay,99
1ioe54p,Update on My Complaint Against PLDT Home WiFi 5G+,update on my complaint against pldt home wifi 5g,47
1e0bi0m,I have never been an iPhone user. What is the best time to buy an iPhone?,i have never been an iphone user what is the best time to buy an iphone,101
1emjvlg,I wanna buy my dad a new phone.,i wanna buy my dad a new phone,57
1jfo0g5,Old Iphone to Mid-Range Android,old iphone to midrange android,31
1jmu5e0,Worth it ba tong Huawei Nova 13 pro?,worth it ba tong huawei nova 13 pro,32
1eewk0x,S23U is @ 46k right now,s23u is  46k right now,63
1hxdr1c,Shopee promotion scam?,shopee promotion scam,48
1h7phve,How good are soundxore products?,how good are soundxore products,47
1j3t99j,Must buy RAM for gaming laptop,must buy ram for gaming laptop,28
1jznuxo,Eto dapat tandaan sa mga NEWBIES sa VA world para iwas scccaams,eto dapat tandaan sa mga newbies sa va world para iwas scccaams,9
1jlsuyh,Samsung or IPhone: Please help me pick,samsung or iphone please help me pick,26
1hrr12g,What home printer is the best to buy?,what home printer is the best to buy,41
1fmjsdr,"Saan makabili ng genuine ssd sa shopee? budget ko is 5k, 1tb storage hinahnap ko",saan makabili ng genuine ssd sa shopee budget ko is 5k 1tb storage hinahnap ko,60
1g79arx,Help me decide which headphones to buy,help me decide which headphones to buy,46
1gy3ik4,IEM recommendations ,iem recommendations,42
1i9jvpa,Realme 13+ 5g vs. Samsung a55 5g,realme 13 5g vs samsung a55 5g,32
1jgjcfi,Hi what's a really good smartphone under 30k right now?,hi what's a really good smartphone under 30k right now,21
1co1uj4,Good deal or wait sa 6.6 sale?,good deal or wait sa 66 sale,58
1dq7mwc,10K phones are not worth it? ,10k phones are not worth it,68
1gmimqj,A WFH Essential Tool!,a wfh essential tool,27
1k3m82c,Is a tablet enough to start working as a V.A?,is a tablet enough to start working as a va,16
1jqj1xz,[4.4 SALE] LAZADA CHEAT SHEAT!,44 sale lazada cheat sheat,12
1fx2zy7,iPhone 16 PM PRE-owned,iphone 16 pm preowned,40
1hwnzyl,great deal ba ito? clearance sale of ugreen powerbank,great deal ba ito clearance sale of ugreen powerbank,31
1h8pryw,Macbook Air M1 @ 29k,macbook air m1  29k,31
1fowrhk,Hoooy,hoooy,37
1dkpy4a,"To those who are using smart watches, how does it help you in your daily life? and what can you recommend?",to those who are using smart watches how does it help you in your daily life and what can you recommend,61
1jqdrsd,Where do you buy your Gaming Laptops?,where do you buy your gaming laptops,17
1j1ire5,phone recommendation please :),phone recommendation please,22
1dzlau9,Gamextreme strikes again.,gamextreme strikes again,55
1k467c8,Xiaomi Router BE3600,xiaomi router be3600,13
1j0sbfk,Should I get a Wi-fi extender for LAN connection?,should i get a wifi extender for lan connection,20
1fozzy0,Can you please recommend me shops na magandang bumili ng office desks? I need to upgrade my desk.,can you please recommend me shops na magandang bumili ng office desks i need to upgrade my desk,38
1j02mvi,Affordable smartwatch under 2k?,affordable smartwatch under 2k,21
1elc81q,Redmi Turbo 3/POCO F6,redmi turbo 3poco f6,57
1hzf8d9,Tablets under 10K,tablets under 10k,25
1izwiqe,Best Camera Phone in 2025 with 30-35k budget,best camera phone in 2025 with 3035k budget,20
1k2pg6a,cheap phones for hotspot,cheap phones for hotspot,12
1h4tuiv,Steal price ANKER powerbank!,steal price anker powerbank,29
1it0gdw,Hi planning to buy this dito home prepaid wifi !!,hi planning to buy this dito home prepaid wifi,21
1hnyj65,Best installment optionfor Iphone?,best installment optionfor iphone,31
1jxyyqf,Tablets under 10k for student,tablets under 10k for student,12
1hvhc17,Deciding to buy a smart watch,deciding to buy a smart watch,29
1ikz6kl,"Patulong po, laptop recom.",patulong po laptop recom,23
18rm7xm,Help me decide which is better,help me decide which is better,79
16ptlhi,Where to buy iPhone,where to buy iphone,96
1iuay7f,Is this safe to buy?,is this safe to buy,20
1jth7ap,Wireless Earbuds for less than 1000 pesos (Shopee or Lazada applicable),wireless earbuds for less than 1000 pesos shopee or lazada applicable,12
1jyxzgh,suggest kayo please!,suggest kayo please,11
1jd0s0f,5070 vs 4070 super vs 4070,5070 vs 4070 super vs 4070,14
1jvldci,Looking for a Compact & Durable Power Bank for iPad,looking for a compact  durable power bank for ipad,11
1jr7qle,Recommend a Xiaomi phone ranging from 15k - 25k,recommend a xiaomi phone ranging from 15k  25k,12
1i3hpoi,Help me decide please?,help me decide please,25
1gaz5ud,Help me decide please!,help me decide please,36
1jrvj48,best flagship phone in 2025,best flagship phone in 2025,12
1ipn89h,Recommended Noise Reduction Headset for work,recommended noise reduction headset for work,19
1igdm3a,Budget phone - 10k below,budget phone  10k below,19
1jepiiz,"Standing Desk Owners, was it worth it?",standing desk owners was it worth it,13
1jmdplo,Reco for best pocket wifi,reco for best pocket wifi,12
1fsqfjv,PHONE UNDER 20K ,phone under 20k,38
1jvwq1z,Suggest some worth to buy earpods.,suggest some worth to buy earpods,9
1jmf350,Nothing 3a or S23 FE for my kid?,nothing 3a or s23 fe for my kid,11
1jn7weg,How to choose best aircon brand?,how to choose best aircon brand,11
1j6eh9a,Need wired earphones reco,need wired earphones reco,14
1jswauq,iPhone 13 mini as a work phone/dumb phone,iphone 13 mini as a work phonedumb phone,10
1imxln0,Poco F6 vs Samsung A55 vs Nothing 2a,poco f6 vs samsung a55 vs nothing 2a,18
1gbp1k2,Recommend me a good Micro SD card,recommend me a good micro sd card,35
1js2kgm,Suggestions for android phone pls,suggestions for android phone pls,10
1jio3sr,Legit din po ba ang pixel play?,legit din po ba ang pixel play,12
1iaf3ks,"Last na, should I buy a digital camera or a camera phone?",last na should i buy a digital camera or a camera phone,21
1i8qv9c,Recommend an affordable Android phone with great longevity (7+ years lifespan),recommend an affordable android phone with great longevity 7 years lifespan,21
1jx9kbl,Phone recos for a 13 year old,phone recos for a 13 year old,8
1f1k3k4,What's the best phone that ranges between 20-25k today in your opinion?,what's the best phone that ranges between 2025k today in your opinion,37
1izgdg1,What iPhone to get??,what iphone to get,14
1jh8s1n,Should I go for Samsung Galaxy A56?,should i go for samsung galaxy a56,10
1js1hq1,"Good midrangers or ""flagship-killers"" for around 20-25k?",good midrangers or flagshipkillers for around 2025k,9
1glp6tp,What supplement should I take to stay healthy or any suggestion,what supplement should i take to stay healthy or any suggestion,31
1j331ga,Need an Android phone that is fast enough (within limited budget),need an android phone that is fast enough within limited budget,14
1jsuv3x,how do u find classy clothes that cost less/savings friendly?,how do u find classy clothes that cost lesssavings friendly,8
1jd8tnl,Budget camera phone less than 15K PHP,budget camera phone less than 15k php,11
1j1enzs,Reco Laptop,reco laptop,13
1jjgfrq,Apply Earpods,apply earpods,9
1jy9amk,Computer desk,computer desk,7
1jzxggd,Which would you recommend between these two?,which would you recommend between these two,6
1jyqvrm,Best alternative for apple pencil?,best alternative for apple pencil,6
1jql23o,How do you buy cinema lens only available outside Philippines?,how do you buy cinema lens only available outside philippines,8
1jevogj,Anyone purchased IOS product from shopee?,anyone purchased ios product from shopee,10
1jd63ql,Good TV recommendations?,good tv recommendations,10
1inn7lj,iPhone 14 worth it for 35k?,iphone 14 worth it for 35k,15
1jy41dq,Tablets under 13k,tablets under 13k,6
1j37vna,Laptop for heavy Data,laptop for heavy data,12
1hcziem,Help me pick a decent phone 7k budget,help me pick a decent phone 7k budget,23
1k2onw0,Hi! What midrange phone do u recommend? 12-15k..,hi what midrange phone do u recommend 1215k,5
1d8itye,What midrange phone has the best camera? ,what midrange phone has the best camera,48
1jwf68u,Which gaming phone for under 20k?,which gaming phone for under 20k,6
1jj8x6q,Best Tablet Choice for less than 20k budget,best tablet choice for less than 20k budget,8
1doxv0l,Help me choose a camera phone around 20-25k for my sister,help me choose a camera phone around 2025k for my sister,45
1ioi5s7,Returning to android after 6 years. Asking for recommendations.,returning to android after 6 years asking for recommendations,14
1g9ciz2,Planning to buy external HDD. Any suggestions?,planning to buy external hdd any suggestions,31
1k3ztdw,Where to buy fabrics for clothing line?,where to buy fabrics for clothing line,4
1jvyonm,Planning To Buy My First Iphone For Vlogging & Photography,planning to buy my first iphone for vlogging  photography,5
1jez1zq,Recently switched to Mac OS system. Is Magic Keyboard worth it?,recently switched to mac os system is magic keyboard worth it,9
1ju5cft,Smart Watch Reco,smart watch reco,6
1iw3djq,BEST PHONE FOR 35K,best phone for 35k,12
1jtgp21,Anong mini fan ang sulit para sa sobrang pawisin like me?,anong mini fan ang sulit para sa sobrang pawisin like me,6
1fepkkj,Thoughts on Anker soundcore earbuds?,thoughts on anker soundcore earbuds,34
1gfs9vk,My Honest Review on the JISULIFE Mini Jet Fan,my honest review on the jisulife mini jet fan,20
1jtjfgc,Pldt or Smart home prepaid wifi,pldt or smart home prepaid wifi,6
1jxx0qb,Iphone upgrade 2nd hand or 0% bnew,iphone upgrade 2nd hand or 0 bnew,5
1jsii41,GOOD IPAD AIR M3 ACCESSORIES,good ipad air m3 accessories,6
1jqgadt,[TECH SALE] 4.4 Shopee & Lazada Cheat Sheet,tech sale 44 shopee  lazada cheat sheet,2
1k2xwyp,Where to buy bed essentials?,where to buy bed essentials,4
1j35gxj,Quick Review of the Mili Mi Tag Go (tracker for any Android phone),quick review of the mili mi tag go tracker for any android phone,10
1jwvsis,adapter suggestions,adapter suggestions,5
1k1zozr,Mirroring my phone to dumb tv,mirroring my phone to dumb tv,4
1j0mgc3,Budget phone 10k+,budget phone 10k,11
1k1tjix,where to buy instax mini film?,where to buy instax mini film,3
1juis8u,Wired Earphones (Type C) Recommendations,wired earphones type c recommendations,5
1iob1vv,5-6k phone for Parents,56k phone for parents,13
1k1641p,Case Recommendation(S22) Please,case recommendations22 please,4
1k1rb0a,"Macbook Air M1 Protective Film, any recommendations?",macbook air m1 protective film any recommendations,4
1jab8lo,Recommendations for headset,recommendations for headset,9
1fji44m,help me choose the best laptop worth 41k below,help me choose the best laptop worth 41k below,33
1f39mdh,Most sulit 5G phones in the market,most sulit 5g phones in the market,35
1htesmz,Are liquid silicon cases enough protection?,are liquid silicon cases enough protection,18
1k4hu7v,"been thinking about this for a while na, lol",been thinking about this for a while na lol,3
1k4hriz,Do you recommend Samsung A56?,do you recommend samsung a56,3
1j7zqu8,Laptop recommendations: Windows or Mac?,laptop recommendations windows or mac,9
1jtczro,Any Good Gaming phones around 15-20k ang range,any good gaming phones around 1520k ang range,5
1fo3g0j,DITO 5G or PLDT 5G,dito 5g or pldt 5g,30
1jy1fip,Second-hand apple pencils: where to find?,secondhand apple pencils where to find,4
1j6efa1,List of All Global Version Flagship Android Smartphone in the Philippines,list of all global version flagship android smartphone in the philippines,9
1i58bmt,Thoughts on dropshipping in 2025?,thoughts on dropshipping in 2025,16
1j34op1,What's the best phone to buy in this list?,what's the best phone to buy in this list,9
1jlpvbf,s23 in the year 2025,s23 in the year 2025,6
1jhu9z9,Budget Phone - 30k,budget phone  30k,6
18j0i7i,Buy Now or wait for S24 series?,buy now or wait for s24 series,66
1jfodcb,smart watch recommendations?,smart watch recommendations,7
1k1e34s,Affordable and high performance laptop power bank recommendation,affordable and high performance laptop power bank recommendation,3
1jmqwpt,"Help me decide which laptop to buy, please.",help me decide which laptop to buy please,5
1j4wt8i,WiFi Booster or Router?,wifi booster or router,9
1jfnevv,Laptop recommendation,laptop recommendation,7
1jvto89,"around 500 php xbox controller scheme na may a,b, x, y button",around 500 php xbox controller scheme na may ab x y button,4
1jpnrw6,Recommendation for reliable android phone under 20k?,recommendation for reliable android phone under 20k,5
1j8nxp1,Android phone recommendations around 10k? (Can be previous flagship),android phone recommendations around 10k can be previous flagship,8
1jjggzb,Please reco a tablet as laptop alternative for online class,please reco a tablet as laptop alternative for online class,6
1juvdiy,What is the best shampoo for frizzy hair?,what is the best shampoo for frizzy hair,4
1jv1dlz,What perfume dupe for this scent?,what perfume dupe for this scent,4
1bx37x8,Which phone,which phone,44
1jjc0et,Any recos for gaming/office chair for plus-sized folk?,any recos for gamingoffice chair for plussized folk,6
1j1kzq7,Recommendations for 10k below phone,recommendations for 10k below phone,9
1k4hs0u,"been thinking about this lately, lol",been thinking about this lately lol,2
1irrssu,Are laptop chargers on Sh*pee safe?,are laptop chargers on shpee safe,11
1k4fgm4,5G Tablets recommendation with a budget of 15-25k,5g tablets recommendation with a budget of 1525k,2
1iw539n,Phone under 10k,phone under 10k,10
18ne1mh,What to buy for 12-15k?,what to buy for 1215k,66
1jrutzl,Good mid range phone for photography,good mid range phone for photography,4
1jgmm97,Best Monitor Brand >=$100,best monitor brand 100,6
1k33tdf,"Need second opinions for a gaming laptop (70,000php BELOW)",need second opinions for a gaming laptop 70000php below,2
1h3atyt,Is this legit?,is this legit,21
1k2m9sd,What are your shop recommendations for legit Coach or Kate Spade wallets?,what are your shop recommendations for legit coach or kate spade wallets,2
1jwgbe5,Any recommendations for phones under 6k?,any recommendations for phones under 6k,3
1jlpgl1,Best midrange/flagship phone worth 20-25k?,best midrangeflagship phone worth 2025k,5
1i25vb2,Micro Memory Card,micro memory card,15
1jr5iem,Any recommendations for beginner VA equipments?,any recommendations for beginner va equipments,4
1jpo010,paRecommend naman ng shop online,parecommend naman ng shop online,4
1j0azkb,Decent Laptop for Heavy Use (30k or under),decent laptop for heavy use 30k or under,8
1jix76d,Phone Recommendation around 20k,phone recommendation around 20k,5
1k1zzcb,Best TWS i can buy with 5k,best tws i can buy with 5k,2
1izv45x,Any Budget-Friendly Apple Watch Alternatives?,any budgetfriendly apple watch alternatives,9
1k1t220,Second monitor recos?,second monitor recos,2
1i68za2,The system has detected that a cooling fan is not operating correctly.,the system has detected that a cooling fan is not operating correctly,14
1fowj1d,I've waited for Xiaomi 14t. Is it worth it or should I find another phone?,i've waited for xiaomi 14t is it worth it or should i find another phone,30
1jndvqk,Huawei Nova 13 Pro,huawei nova 13 pro,4
1j29e3b,Camera phones under 10k recos,camera phones under 10k recos,8
1jfllao,Screen protector recommendations for iphone 15 pro,screen protector recommendations for iphone 15 pro,6
1icnvil,First time ko mag Samsung. Okay po ba itong unit and price na nakuha ko?,first time ko mag samsung okay po ba itong unit and price na nakuha ko,13
1k14h1x,Where to buy original PYREX labware online?,where to buy original pyrex labware online,2
1jzo4wn,Prolink Pocket Wifi,prolink pocket wifi,2
1jot84t,Recommend SD for LG Wing,recommend sd for lg wing,4
1k0mgoz,LF Ipad Screen Protector Recommendation,lf ipad screen protector recommendation,2
1huyno9,Worth it bang magkautang para sa luho,worth it bang magkautang para sa luho,15
1j2aicy,65 inches TV recommendation pleas,65 inches tv recommendation pleas,8
1jn9pz1,Enstack vs Shopify Any Ideas?,enstack vs shopify any ideas,4
1j7q8r7,iPad or Samsung Tab?,ipad or samsung tab,6
1j7pf5n,Any 67W charger recommendation?,any 67w charger recommendation,7
1j8rfz6,Selling in Amazon as an OFW,selling in amazon as an ofw,7
1jolefa,Best phone under 7k budget,best phone under 7k budget,4
1iw24mu,Any recommendations for a new phone budget 20-30k,any recommendations for a new phone budget 2030k,8
1jzm6io,Best AA battery Digital cameras Cheap enough to not mind losing,best aa battery digital cameras cheap enough to not mind losing,2
1hjsy7x,Tablet options under 40k,tablet options under 40k,17
1jnw4kf,X6pro or x7pro,x6pro or x7pro,4
1j77o1h,A Good Phone with a budget of 20-25k?,a good phone with a budget of 2025k,7
1jthxij,Suggestions for Office and Studies,suggestions for office and studies,3
1jtgmqz,powerbank,powerbank,3
