Title,Total Comments,Post URL
congrats! you just won 100 of the last thing you bought on shopee/lazada. what is it? ,731,https://www.reddit.com/r/AskPH/comments/1fmn835/congrats_you_just_won_100_of_the_last_thing_you/
What cheap items did you buy sa lazada/shopee that made a difference sa bahay?,94,https://www.reddit.com/r/AskPH/comments/1iqjrgd/what_cheap_items_did_you_buy_sa_lazadashopee_that/
Shopee o lazada? Ano preferred nyo and why?,69,https://www.reddit.com/r/AskPH/comments/1ia8pr6/shopee_o_lazada_ano_preferred_nyo_and_why/
What's your worst tiktok shop/shopee budol?,106,https://www.reddit.com/r/AskPH/comments/1cts0ts/whats_your_worst_tiktok_shopshopee_budol/
"What is your ""never-again"" brand, store, restaurant, or company?",2233,https://www.reddit.com/r/AskPH/comments/1hyaud1/what_is_your_neveragain_brand_store_restaurant_or/
What is your biggest shopee reviews pet peeve?,60,https://www.reddit.com/r/AskPH/comments/1caacq0/what_is_your_biggest_shopee_reviews_pet_peeve/
What's on your Shopee/Lazada 9.9 cart?,41,https://www.reddit.com/r/AskPH/comments/1faf1uz/whats_on_your_shopeelazada_99_cart/
What is your all-time favorite mall in our country? ,919,https://www.reddit.com/r/AskPH/comments/1fyqj2j/what_is_your_alltime_favorite_mall_in_our_country/
Recommend a store on shopee or lazada. Where to buy good quality coffee beans online?,1,https://www.reddit.com/r/AskPH/comments/1jzvtkr/recommend_a_store_on_shopee_or_lazada_where_to/
How is Time Collection on Shopee Mall? Are they legit?,8,https://www.reddit.com/r/AskPH/comments/1irf7eb/how_is_time_collection_on_shopee_mall_are_they/
What's your thoughts sa beauty supplements sa shopee?,5,https://www.reddit.com/r/AskPH/comments/1iwqhgx/whats_your_thoughts_sa_beauty_supplements_sa/
Ano pinakamahal na gamit nabili mo sa shopee na di mo naman nagagamit?,2,https://www.reddit.com/r/AskPH/comments/1j9fp2w/ano_pinakamahal_na_gamit_nabili_mo_sa_shopee_na/
Why Auto Cancel ang Shopee?,2,https://www.reddit.com/r/AskPH/comments/1j97715/why_auto_cancel_ang_shopee/
How to install TCL aircon bought from Shopee Mall?,2,https://www.reddit.com/r/AskPH/comments/1j4kro1/how_to_install_tcl_aircon_bought_from_shopee_mall/
safe ba bumili gadget sa shopee? why?,6,https://www.reddit.com/r/AskPH/comments/1ig0uvz/safe_ba_bumili_gadget_sa_shopee_why/
What to buy? Do you guys have shopee recos for earbuds?,4,https://www.reddit.com/r/AskPH/comments/1imuxl9/what_to_buy_do_you_guys_have_shopee_recos_for/
Which UI do you prefer Lazada or Shopee?,7,https://www.reddit.com/r/AskPH/comments/1huugbn/which_ui_do_you_prefer_lazada_or_shopee/
How to return/refund  an item on shopee?,2,https://www.reddit.com/r/AskPH/comments/1imveck/how_to_returnrefund_an_item_on_shopee/
What do recommend for men shaving  that can be buy at Shopee?,1,https://www.reddit.com/r/AskPH/comments/1iswl5v/what_do_recommend_for_men_shaving_that_can_be_buy/
Where to buy authentic jellycat bag charms in shopee?,1,https://www.reddit.com/r/AskPH/comments/1iq0rbd/where_to_buy_authentic_jellycat_bag_charms_in/
How would you deal to a shopee riders who keeps rescheduling your parcel?,1,https://www.reddit.com/r/AskPH/comments/1i6i5p2/how_would_you_deal_to_a_shopee_riders_who_keeps/
What cookie can you recommend from shopee?,2,https://www.reddit.com/r/AskPH/comments/1i1o0wl/what_cookie_can_you_recommend_from_shopee/
"Kailan kaya next na schedule ng mga major sale sa shopping platforms (Shopee, Lazada, Edamama, or sa malls)?",3,https://www.reddit.com/r/AskPH/comments/1hhxhak/kailan_kaya_next_na_schedule_ng_mga_major_sale_sa/
Anong huli mong chineckout sa shopee?,4,https://www.reddit.com/r/AskPH/comments/1h7hemt/anong_huli_mong_chineckout_sa_shopee/
What is something that isn't therapy but feels like it is therapy?,737,https://www.reddit.com/r/AskPH/comments/1g1553k/what_is_something_that_isnt_therapy_but_feels/
What’s your worth it purchase sa Shopee/Lazada? ,23,https://www.reddit.com/r/AskPH/comments/1cif47e/whats_your_worth_it_purchase_sa_shopeelazada/
What is the Best Authentic Pastillas na binili niyo sa shopee?,1,https://www.reddit.com/r/AskPH/comments/1h4x088/what_is_the_best_authentic_pastillas_na_binili/
"Gaano ka legit yung ""Mall"" sa Lazada, Shopee, and Tiktok?",2,https://www.reddit.com/r/AskPH/comments/1gt6vuj/gaano_ka_legit_yung_mall_sa_lazada_shopee_and/
Anong pwede maibigay sa kapitbahay na pinapakisuyuan mo pagiwanan ng shopee deliveries mo?,19,https://www.reddit.com/r/AskPH/comments/1cmumo7/anong_pwede_maibigay_sa_kapitbahay_na/
Where do you buy corporate outfits aside from shopee?,3,https://www.reddit.com/r/AskPH/comments/1gdbn2l/where_do_you_buy_corporate_outfits_aside_from/
what's your best shopee find? ,11,https://www.reddit.com/r/AskPH/comments/1ea01oj/whats_your_best_shopee_find/
"Does shein delivery courier message you via SMS/Messages. like from Shopee, you can see the delivery rider’s phone number. Why? Kasi hindi nalagay yung full address from the order. so asking if shein delivery message you?",1,https://www.reddit.com/r/AskPH/comments/1gn6ror/does_shein_delivery_courier_message_you_via/
can you pay on shopee thru 7/11? how?,1,https://www.reddit.com/r/AskPH/comments/1gmsoa6/can_you_pay_on_shopee_thru_711_how/
Magkano kaya sweldo ng shopee at lazada riders?,2,https://www.reddit.com/r/AskPH/comments/1ftpcrq/magkano_kaya_sweldo_ng_shopee_at_lazada_riders/
What are you planning to buy this upcoming 9.9 sale on Lazada and Shopee?,4,https://www.reddit.com/r/AskPH/comments/1f7tm50/what_are_you_planning_to_buy_this_upcoming_99/
What’s your worst experience with a Shopee/Lazada/Tiktok rider?,1,https://www.reddit.com/r/AskPH/comments/1fptuj1/whats_your_worst_experience_with_a/
Why are Shopee and Lazada ads prevalent in p0rn sites? Does it help them to be associated with these sites? ,1,https://www.reddit.com/r/AskPH/comments/1fy9mra/why_are_shopee_and_lazada_ads_prevalent_in_p0rn/
Ano toothpaste nyo? And saan kayo bubili? Grocery? Shopee?,1,https://www.reddit.com/r/AskPH/comments/1fuiqnm/ano_toothpaste_nyo_and_saan_kayo_bubili_grocery/
"Why Shopee, Lazada or Tiktok?",3,https://www.reddit.com/r/AskPH/comments/1fcg0md/why_shopee_lazada_or_tiktok/
Paano po gagawin ko sa shopee delivery?,1,https://www.reddit.com/r/AskPH/comments/1fh9dr1/paano_po_gagawin_ko_sa_shopee_delivery/
"What are your favorite tennis or rubber shoes ever purchased from Shopee, Lazada, or even Tiktok shop?",1,https://www.reddit.com/r/AskPH/comments/1fez9gi/what_are_your_favorite_tennis_or_rubber_shoes/
"Except for Shokz, what is the best bone conduction earphones na makikita sa lazada and shopee? ",1,https://www.reddit.com/r/AskPH/comments/1ez4fuv/except_for_shokz_what_is_the_best_bone_conduction/
how to get refund Shopee? can i get it if i dont accept the parcel?,1,https://www.reddit.com/r/AskPH/comments/1eyj8d8/how_to_get_refund_shopee_can_i_get_it_if_i_dont/
what's your best purchase sa shopee?,10,https://www.reddit.com/r/AskPH/comments/1c1a5oz/whats_your_best_purchase_sa_shopee/
What is the purpose of Shopee Electronic Protection?,4,https://www.reddit.com/r/AskPH/comments/1dorxmt/what_is_the_purpose_of_shopee_electronic/
What is one thing you're proud to have eliminated/minimized in your habits?,467,https://www.reddit.com/r/AskPH/comments/1dbk9gl/what_is_one_thing_youre_proud_to_have/
where to buy authentic sneakers on shopee? ,5,https://www.reddit.com/r/AskPH/comments/1cgwqws/where_to_buy_authentic_sneakers_on_shopee/
"What's the best wax beads do you recommend that can be bought online (Shopee, Lazada, Temu, etc.)?",1,https://www.reddit.com/r/AskPH/comments/1dpftod/whats_the_best_wax_beads_do_you_recommend_that/
What’s your recommended CCTV purchase in Shopee?,2,https://www.reddit.com/r/AskPH/comments/1d9hnq3/whats_your_recommended_cctv_purchase_in_shopee/
Bakit meron pa ring nabubudol (di Shopee at Lazada) kahit marami ng balita about this?,2,https://www.reddit.com/r/AskPH/comments/1d6sgix/bakit_meron_pa_ring_nabubudol_di_shopee_at_lazada/
ano pinaka worth it na nabili niyo for your house sa shopee?,4,https://www.reddit.com/r/AskPH/comments/1ccpklt/ano_pinaka_worth_it_na_nabili_niyo_for_your_house/
Sino na nag try? Shopee Pay? ,2,https://www.reddit.com/r/AskPH/comments/1cput0p/sino_na_nag_try_shopee_pay/
Anybody knows how shopee/lazada/tiktokshop’s delivery fee works?,3,https://www.reddit.com/r/AskPH/comments/1c1zq8m/anybody_knows_how_shopeelazadatiktokshops/
Shopee seller wants me to alter my review,4,https://www.reddit.com/r/AskPH/comments/1b7eer4/shopee_seller_wants_me_to_alter_my_review/
Naniningil din ba ang mga subdivisions nyo ng certain fee for food or shopee/lazada delivery?,2,https://www.reddit.com/r/AskPH/comments/1ab7gbf/naniningil_din_ba_ang_mga_subdivisions_nyo_ng/
Is Some More Kbeauty authentic korean skincare seller? (Shopee),3,https://www.reddit.com/r/AskPH/comments/19bcmce/is_some_more_kbeauty_authentic_korean_skincare/
SHOPEE SPAYLATER,6,https://www.reddit.com/r/AskPH/comments/188x6j5/shopee_spaylater/
"genuinely curious, why is shopee's overseas shipping fee cheaper than local sf?",2,https://www.reddit.com/r/AskPH/comments/1andely/genuinely_curious_why_is_shopees_overseas/
How to cancel Shopee SLoan,1,https://www.reddit.com/r/AskPH/comments/1auh4ng/how_to_cancel_shopee_sloan/
SHOPEE SECONDHAND LAPTOPS,0,https://www.reddit.com/r/AskPH/comments/1b7hfnm/shopee_secondhand_laptops/
Quality tops in shopee?,0,https://www.reddit.com/r/AskPH/comments/1b576l0/quality_tops_in_shopee/
What are online platforms for buying clothes except shopee/lazada etc. and mga mamahaling brands?,3,https://www.reddit.com/r/AskPH/comments/192w62l/what_are_online_platforms_for_buying_clothes/
No more Vape shops in Shopee,3,https://www.reddit.com/r/AskPH/comments/1910xxm/no_more_vape_shops_in_shopee/
Xiaomi Official Store on Shopee,3,https://www.reddit.com/r/AskPH/comments/190bgl9/xiaomi_official_store_on_shopee/
Shopee,0,https://www.reddit.com/r/AskPH/comments/1ar9mbk/shopee/
what's your worst addiction?,329,https://www.reddit.com/r/AskPH/comments/1fsqjax/whats_your_worst_addiction/
Shopee Prizes,0,https://www.reddit.com/r/AskPH/comments/1akzdxc/shopee_prizes/
Antidepressants from Shopee?,1,https://www.reddit.com/r/AskPH/comments/19aewjt/antidepressants_from_shopee/
Shopee as gift...,2,https://www.reddit.com/r/AskPH/comments/18p7bfy/shopee_as_gift/
Bakit amoy isda/malansa yung ibang bookshelf from lazada/shopee?,0,https://www.reddit.com/r/AskPH/comments/19e5e2g/bakit_amoy_isdamalansa_yung_ibang_bookshelf_from/
Shopee may tax na?,0,https://www.reddit.com/r/AskPH/comments/19dqq88/shopee_may_tax_na/
"anu na kaya mareregalo ko sa girl? sa friday na ang Christmas party eh, nagloko pa ang shopee",2,https://www.reddit.com/r/AskPH/comments/18hc90j/anu_na_kaya_mareregalo_ko_sa_girl_sa_friday_na/
Shopee delivery,2,https://www.reddit.com/r/AskPH/comments/18f1xbn/shopee_delivery/
"Experience with Shopee, Lazada, and Tiktok shop",0,https://www.reddit.com/r/AskPH/comments/194md03/experience_with_shopee_lazada_and_tiktok_shop/
Is there any way makakabayad ng spaylater without using the app itself (shopee)?,0,https://www.reddit.com/r/AskPH/comments/1936zq4/is_there_any_way_makakabayad_ng_spaylater_without/
Shopee Pay Cash in,0,https://www.reddit.com/r/AskPH/comments/18z616s/shopee_pay_cash_in/
What products or prices are better in Lazada or Shopee?,0,https://www.reddit.com/r/AskPH/comments/18nkl4h/what_products_or_prices_are_better_in_lazada_or/
Earphones sa Shopee,1,https://www.reddit.com/r/AskPH/comments/17oyb95/earphones_sa_shopee/
Shopee Scammer Inquiries,0,https://www.reddit.com/r/AskPH/comments/1815mfq/shopee_scammer_inquiries/
Lazada & Shopee ads on Porn,1,https://www.reddit.com/r/AskPH/comments/17kho45/lazada_shopee_ads_on_porn/
"Shopee, Lazada, Zalora, etc.",0,https://www.reddit.com/r/AskPH/comments/17upt8u/shopee_lazada_zalora_etc/
Any headphone recommendations from shopee/lazada?,3,https://www.reddit.com/r/AskPH/comments/16bg98p/any_headphone_recommendations_from_shopeelazada/
Anong smartphone ang napupusuan nyong bilin this coming 11.11 Lazada/Shopee Sale?? And whyyy?,0,https://www.reddit.com/r/AskPH/comments/17r9rlp/anong_smartphone_ang_napupusuan_nyong_bilin_this/
How to be a shopee live seller?,0,https://www.reddit.com/r/AskPH/comments/17pwx7j/how_to_be_a_shopee_live_seller/
"What are the best ""Quality of Life"" purchases that you have made that are worth it here in the PH?",330,https://www.reddit.com/r/AskPH/comments/19ckiwo/what_are_the_best_quality_of_life_purchases_that/
Apple pencil dupes on shopee?,1,https://www.reddit.com/r/AskPH/comments/16y0dmm/apple_pencil_dupes_on_shopee/
10/10 SUPER SHOPEE SALE GET READY,0,https://www.reddit.com/gallery/1724h0d
a shopee customer question to shopee sellers,1,https://www.reddit.com/r/AskPH/comments/15obkdp/a_shopee_customer_question_to_shopee_sellers/
Return sa shopee,4,https://www.reddit.com/r/AskPH/comments/1023wju/return_sa_shopee/
Shopee items marked delivered but never arrived ?,0,https://www.reddit.com/r/AskPH/comments/128647x/shopee_items_marked_delivered_but_never_arrived/
Subtle signs you’re wearing something cheap / low quality,169,https://www.reddit.com/r/AskPH/comments/1akcagf/subtle_signs_youre_wearing_something_cheap_low/
Men of Reddit: What boxer shorts can you recommend?,93,https://www.reddit.com/r/AskPH/comments/1j4pc3w/men_of_reddit_what_boxer_shorts_can_you_recommend/
"Men of AskPH, red flag ba sa inyo ang babaeng NBSB? ",215,https://www.reddit.com/r/AskPH/comments/1ba8izw/men_of_askph_red_flag_ba_sa_inyo_ang_babaeng_nbsb/
What perfume are you using during this hot and humid weather?,86,https://www.reddit.com/r/AskPH/comments/1j6atsf/what_perfume_are_you_using_during_this_hot_and/
What's an addiction most people don't think of as an addiction?,199,https://www.reddit.com/r/AskPH/comments/1d1k3y5/whats_an_addiction_most_people_dont_think_of_as/
Shopee links for Leni Kiko shirts,0,https://www.reddit.com/r/AskPH/comments/tiory8/shopee_links_for_leni_kiko_shirts/
"People who don't have vices, how do you cope (with stress and sadness)?",51,https://www.reddit.com/r/AskPH/comments/1jdk2n9/people_who_dont_have_vices_how_do_you_cope_with/
What's an example of you healing your inner child?,111,https://www.reddit.com/r/AskPH/comments/1e0ap2d/whats_an_example_of_you_healing_your_inner_child/
How did you start your fitness journey?,38,https://www.reddit.com/r/AskPH/comments/1jy6bn5/how_did_you_start_your_fitness_journey/
What app apart from reddit are you spending time on now?,68,https://www.reddit.com/r/AskPH/comments/1hbzzld/what_app_apart_from_reddit_are_you_spending_time/
